kind,issuer,cusip,putcall,shares,share_chg,value,w_prev,w_cur,w_pp
TRIM,TAIWAN SEMICONDUCTOR MANUFAC,874039100,,8914995.0,-3.969948124353763,4257534162.0,10.797671148090057,8.755124431867554,-2.0425467162225033
TRIM,LAM RESEARCH CORP,512807306,,9441603.0,-5.992947681113316,4091329827.0,7.385369517518146,8.413344523903824,1.0279750063856774
ADD,MICRON TECHNOLOGY INC,595112103,,3142269.0,1793.7202813217543,3627089685.0,0.1929311281763158,7.45868859988217,7.265757471705855
NEW,SPACE EXPLORATION TECHN CORP,84615Q103,,18561780.0,,3171465731.0,0.0,6.521750865591478,6.521750865591478
TRIM,APPLIED MATLS INC,038222105,,4213483.0,-19.71568548619127,3046348209.0,6.173530521669432,6.264461215752862,0.09093069408343002
TRIM,GE VERNOVA INC,36828A101,,2558164.0,-0.5517894476585297,3005484557.0,7.727866470923049,6.180429862300969,-1.54743660862208
ADD,AMAZON COM INC,023135106,,11834799.0,49.226430334724284,2820705995.0,5.684673920748999,5.8004542141686235,0.11578029341962459
ADD,BROADCOM INC,11135F101,,5846831.0,6.231617419945159,2208640410.0,5.862800790371051,4.541812438615254,-1.3209883517557977
ADD,EATON CORP PLC,G29183103,,4968415.0,4.63129604350681,2117140999.0,5.845241775010539,4.3536545288332045,-1.4915872461773345
ADD,ALPHABET INC,02079K305,,4856251.0,12.584544165125354,1735478421.0,4.268885757245711,3.5688097726357184,-0.7000759846099922
NEW,INTEL CORP,458140100,,12084027.0,,1687292689.0,0.0,3.4697214122260753,3.4697214122260753
NEW,CEREBRAS SYSTEMS INC,15675D103,,7011028.0,,1549437188.0,0.0,3.186237588268812,3.186237588268812
TRIM,META PLATFORMS INC,30303M102,,2526048.0,-10.170778960305201,1422897577.0,5.537100311848662,2.926023577597272,-2.61107673425139
ADD,EQUINIX INC,29444U700,,1273517.0,16.741529362371505,1327501387.0,3.680234515771561,2.7298523944672377,-0.9503821213043233
TRIM,NVIDIA CORPORATION,67066G104,,6055197.0,-4.365754735754831,1211584367.0,3.8003625354367716,2.491482508224319,-1.3088800272124526
KEEP,CONSTELLATION ENERGY CORP,21037T109,,4632475.0,0.0,1150567816.0,4.452151880003628,2.3660090590206972,-2.0861428209829307
NEW,FORGENT POWER SOLUTIONS INC,34631F102,,20501387.0,,1145207477.0,0.0,2.3549861445457263,2.3549861445457263
NEW,HUT 8 CORP,44812J104,,9715476.0,,1121603127.0,0.0,2.3064465407469226,2.3064465407469226
ADD,MICROSOFT CORP,594918104,,2936409.0,18.402777077737774,1095339285.0,3.159508892881818,2.2524380005874014,-0.9070708922944166
TRIM,NATERA INC,632307104,,2505090.0,-1.445880585811392,680006681.0,1.749526546361215,1.3983547471665045,-0.35117179919471053
TRIM,APPLOVIN CORP,03831W108,,1171189.0,-9.210718073066214,603431708.0,1.7670107063508342,1.2408872104487338,-0.5261234959021004
TRIM,SPOTIFY TECHNOLOGY S A,L8681T102,,1310632.0,-0.7784004106247643,601750470.0,2.204445615013423,1.2374299398010993,-0.9670156752123238
TRIM,ASML HLDG NV,N07059210,,295406.0,-40.470423227751425,587692513.0,2.2557820994886213,1.2085213842594036,-1.0472607152292177
KEEP,REDDIT INC,75734B100,,2789891.0,0.0,484269280.0,1.2928772655037584,0.9958435196534564,-0.29703374585030196
KEEP,NU HLDGS LTD,G6683N103,,29333576.0,0.0,391896575.0,1.4507262969787058,0.8058897822057487,-0.6448365147729571
TRIM,NETFLIX INC.,64110L106,,4710420.0,-31.66926812851415,336323988.0,2.28116423417379,0.6916112125753813,-1.5895530215984088
TRIM,ALPHABET INC,02079K107,,908395.0,-18.59420997683453,320963205.0,1.1016740987091251,0.6600235467061918,-0.44165055200293335
TRIM,INTUITIVE SURGICAL INC,46120E602,,793704.0,-7.193545558186443,315640206.0,1.3568617402066088,0.6490774176036564,-0.7077843226029523
KEEP,FIRST CTZNS BANCSHARES INC D,31946M103,,139498.0,0.0,290266043.0,0.904825226268113,0.596898398958946,-0.307926827309167
TRIM,VERTIV HOLDINGS CO,92537N108,,806594.0,-17.831409498254438,270063803.0,0.8465629542382545,0.5553548391723664,-0.29120811506588806
KEEP,QUALCOMM INC,747525103,,1387312.0,0.0,256361384.0,0.6148741964263243,0.5271774062269473,-0.08769679019937704
ADD,CARVANA CO,146869102,,3278865.0,381.4779735682819,215814895.0,0.7368273345821961,0.44379826164162456,-0.2930290729405715
TRIM,MASTEC INC,576323109,,517250.0,-11.368632806542871,215207036.0,0.64622210799893,0.44254827021946985,-0.20367383777946013
KEEP,CARIS LIFE SCIENCES INC,142152107,,9819992.0,0.0,174992258.0,0.6042857510612115,0.3598512507727637,-0.24443450028844782
TRIM,SYNOPSYS INC,871607107,,317465.0,-58.3248004620878,141611612.0,1.039448924836571,0.29120782990380817,-0.7482410949327629
KEEP,GENERAC HLDGS INC,368736104,,390513.0,0.0,114346112.0,0.2625234781698278,0.23513949642390763,-0.02738398174592016
KEEP,SPROUTS FMRS MKT INC,85208M102,,1203773.0,0.0,101815120.0,0.3195447100995612,0.20937096702631858,-0.11017374307324262
TRIM,DOORDASH INC,25809K105,,524792.0,-4.895905822315008,96839868.0,0.2851524013389343,0.19913993923359358,-0.08601246210534075
TRIM,ENPHASE ENERGY INC,29355A107,,1556941.0,-5.519290390820278,76663775.0,0.21443683531989505,0.15765014771517338,-0.056786687604721664
NEW,BOOZ ALLEN HAMILTON HLDG COR,099502106,,1083410.0,,65730485.0,0.0,0.13516710688509648,0.13516710688509648
NEW,ADVANCED MICRO DEVICES INC,007903107,,95987.0,,55759808.0,0.0,0.11466356786852339,0.11466356786852339
KEEP,PAYPAL HLDGS INC,70450Y103,,1243590.0,0.0,53698216.0,0.19358313394410764,0.11042414340333864,-0.083158990540769
KEEP,NOVAVAX INC,670002401,,3836986.0,0.0,36144408.0,0.10749253974896901,0.07432677637225006,-0.03316576337671895
NEW,COMFORT SYS USA INC,199908104,,17793.0,,35264836.0,0.0,0.07251803872886985,0.07251803872886985
KEEP,QUANTUMSCAPE CORP,74767V109,,4294995.0,0.0,32470162.0,0.09430767647639689,0.06677111628843753,-0.027536560187959358
KEEP,UPSTART HLDGS INC,91680M107,,870947.0,0.0,30857652.0,0.07688521107889823,0.06345517678908213,-0.013430034289816095
NEW,ARGAN INC,04010E109,,36101.0,,28828454.0,0.0,0.05928236682188011,0.05928236682188011
ADD,TESLA INC,88160R101,,59963.0,1.9120296407083859,25220437.0,0.0752787804032826,0.051862898983140664,-0.02341588142014194
TRIM,PINTEREST INC,72352L106,,1197780.0,-28.651079008127407,25189313.0,0.10596261986647114,0.05179889609262964,-0.0541637237738415
KEEP,THE TRADE DESK INC,88339J105,,1387089.0,0.0,25078569.0,0.10831847154082629,0.051571163921097916,-0.05674730761972837
KEEP,ZILLOW GROUP INC,98954M200,,739700.0,0.0,23315344.0,0.10534400131491048,0.04794529653190287,-0.05739870478300761
KEEP,ARBOR REALTY TRUST INC,038923108,,4196885.0,0.0,22747117.0,0.11136408362291308,0.04677680371393571,-0.06458727990897738
TRIM,UIPATH INC,90364P105,,1961365.0,-13.57939016292607,21320038.0,0.08670173409286255,0.04384218152566984,-0.04285955256719271
KEEP,MEDICAL PROPERTIES TRUST INC,58463J304,,4525398.0,0.0,20907339.0,0.0721109940310205,0.04299351397294492,-0.02911748005807558
KEEP,RINGCENTRAL INC,76680R206,,411351.0,0.0,16034462.0,0.05265049393503191,0.03297300847542838,-0.01967748545960353
KEEP,PELOTON INTERACTIVE INC,70614W100,,2500000.0,0.0,14775000.0,0.03691144150906262,0.0303830711765979,-0.006528370332464721
KEEP,ZILLOW GROUP INC,98954M101,,328189.0,0.0,10295289.0,0.04675016645395234,0.0211710658863381,-0.025579100567614237
KEEP,PLUG PWR INC,72919P202,,2545243.0,0.0,6897609.0,0.019797091143036266,0.014184131654507092,-0.005612959488529174
KEEP,STITCH FIX INC,860897107,,735373.0,0.0,3022383.0,0.00837721082569573,0.006215179547339391,-0.002162031278356339
KEEP,OLAPLEX HLDGS INC,679369108,,1264968.0,0.0,2593184.0,0.00883770041766893,0.005332581661320802,-0.003505118756348127
KEEP,LUCID GROUP INC,549498202,,295393.0,0.0,1976179.0,0.009688504842420013,0.004063782552602238,-0.005624722289817774
KEEP,CHARGEPOINT HOLDINGS INC,15961R303,,154086.0,0.0,910648.0,0.002577289348773298,0.0018726418274671085,-0.0007046475213061895
KEEP,HERTZ GLOBAL HLDGS INC,42806J148,,468814.0,0.0,511007.0,0.003678740529908718,0.0010508265348724037,-0.002627913995036314
KEEP,AMC ENTMT HLDGS INC,00165C302,,228136.0,0.0,433458.0,0.0007694547051287326,0.0008913560247760254,0.00012190131964729279
KEEP,HERTZ GLOBAL HLDGS INC,42806J700,,106823.0,0.0,241954.0,0.0016948426122987343,0.0004975502946505969,-0.0011972923176481374
TRIM,BEYOND MEAT INC,08862E109,,299885.0,-12.670031130512271,224914.0,0.0008291738037828358,0.00046250951408550534,-0.0003666642896973304
EXIT,C H ROBINSON WORLDWIDE IN,12541W209,,0.0,-100.0,0.0,0.32750436562072666,0.0,-0.32750436562072666
EXIT,CHIME FINL INC,16935C109,,0.0,-100.0,0.0,0.6492573160448692,0.0,-0.6492573160448692
EXIT,ISHARES BITCOIN TRUST ETF,46438F101,,0.0,-100.0,0.0,0.008889111430560526,0.0,-0.008889111430560526
EXIT,SOLSTICE ADVANCED MATLS INC,83443Q103,,0.0,-100.0,0.0,0.4336913623104317,0.0,-0.4336913623104317
EXIT,VISA INC,92826C839,,0.0,-100.0,0.0,0.7476447995243514,0.0,-0.7476447995243514
